STOCKING_SITE_ID,FMZ
id_307,FMZ 20
898,FMZ 20
id_26,FMZ 20
4458,FMZ 20
4107,FMZ 20
id_695,FMZ 20
4047,FMZ 20
id_295,FMZ 20
911,FMZ 20
id_828,FMZ 20
id_625,FMZ 20
id_284,FMZ 20
id_594,FMZ 20
id_626,FMZ 20
1317,FMZ 20
id_285,FMZ 20
903,FMZ 20
id_792,FMZ 20
909,FMZ 20
4181,FMZ 20
id_283,FMZ 20
id_624,FMZ 20
id_282,FMZ 20
id_587,FMZ 20
id_585,FMZ 20
id_580,FMZ 20
id_577,FMZ 20
id_511,FMZ 20
id_515,FMZ 20
id_514,FMZ 20
id_512,FMZ 20
id_296,FMZ 20
id_578,FMZ 20
id_480,FMZ 20
id_586,FMZ 20
id_513,FMZ 20
id_589,FMZ 20
id_516,FMZ 20
id_308,FMZ 20
id_232,FMZ 20
id_286,FMZ 20
id_302,FMZ 20
id_18,FMZ 20
id_579,FMZ 20
id_135,FMZ 20
